,out_tau,step_out_mean,attn_tau,step_attn_global,step_attn_global_norm,step_attn_std
out_tau,1.0,0.3723258994532312,-0.014378630732804251,0.09336344620989748,0.06497738821224817,0.15750502819558335
step_out_mean,0.3723258994532312,1.0,0.0025129528901933077,0.21166528889667535,0.31721743432516675,0.27861066502758797
attn_tau,-0.014378630732804251,0.0025129528901933077,1.0,-0.4376338413321199,0.05244927481599664,-0.289416566245697
step_attn_global,0.09336344620989748,0.21166528889667535,-0.4376338413321199,1.0,0.5327533687095225,0.33797707619350165
step_attn_global_norm,0.06497738821224817,0.31721743432516675,0.05244927481599664,0.5327533687095225,1.0,0.07749739892841105
step_attn_std,0.15750502819558335,0.27861066502758797,-0.289416566245697,0.33797707619350165,0.07749739892841105,1.0
