,out_tau,step_out_mean,attn_tau,step_attn_global,step_attn_global_norm,step_attn_std
out_tau,1.0,0.20032074628919588,0.10644256279032839,0.006942650566273237,-0.09106911241870107,0.19990795217705878
step_out_mean,0.20032074628919588,1.0,0.15752583629156047,0.09855924007164599,0.2896489068545286,0.14734351133819337
attn_tau,0.10644256279032839,0.15752583629156047,1.0,-0.437982558121564,-0.031188457572976315,-0.23725394360940166
step_attn_global,0.006942650566273237,0.09855924007164599,-0.437982558121564,1.0,0.42652696465576095,0.2614450912015725
step_attn_global_norm,-0.09106911241870107,0.2896489068545286,-0.031188457572976315,0.42652696465576095,1.0,-0.11329825511144533
step_attn_std,0.19990795217705878,0.14734351133819337,-0.23725394360940166,0.2614450912015725,-0.11329825511144533,1.0
